PCS,Baseline,Time,Power,Cycle
HeatedBlanket,FALSE,1/1/2000 0:00,24.8,1
HeatedBlanket,FALSE,1/1/2000 0:00,0,1
HeatedBlanket,FALSE,1/1/2000 0:00,0,1
HeatedBlanket,FALSE,1/1/2000 0:00,36.8,1
HeatedBlanket,FALSE,1/1/2000 0:00,81.6,1
HeatedBlanket,FALSE,1/1/2000 0:00,21.8,1
HeatedBlanket,FALSE,1/1/2000 0:00,80.4,1
HeatedBlanket,FALSE,1/1/2000 0:00,0,1
HeatedBlanket,FALSE,1/1/2000 0:00,19.8,1
HeatedBlanket,FALSE,1/1/2000 0:00,2,1
HeatedBlanket,FALSE,1/1/2000 0:00,77.5,1
HeatedBlanket,FALSE,1/1/2000 0:00,42.3,1
HeatedBlanket,FALSE,1/1/2000 0:01,0,1
HeatedBlanket,FALSE,1/1/2000 0:01,0,1
HeatedBlanket,FALSE,1/1/2000 0:01,0,1
HeatedBlanket,FALSE,1/1/2000 0:01,16,1
HeatedBlanket,FALSE,1/1/2000 0:01,46.4,1
HeatedBlanket,FALSE,1/1/2000 0:01,0,1
HeatedBlanket,FALSE,1/1/2000 0:01,47.3,1
HeatedBlanket,FALSE,1/1/2000 0:01,70.7,1
HeatedBlanket,FALSE,1/1/2000 0:01,11.1,1
HeatedBlanket,FALSE,1/1/2000 0:01,10.3,1
HeatedBlanket,FALSE,1/1/2000 0:01,0,1
HeatedBlanket,FALSE,1/1/2000 0:01,1127,1
HeatedBlanket,FALSE,1/1/2000 0:02,2,1
HeatedBlanket,FALSE,1/1/2000 0:02,59.4,1
HeatedBlanket,FALSE,1/1/2000 0:02,0,1
HeatedBlanket,FALSE,1/1/2000 0:02,59.6,1
HeatedBlanket,FALSE,1/1/2000 0:02,8,1
HeatedBlanket,FALSE,1/1/2000 0:02,64.7,1
HeatedBlanket,FALSE,1/1/2000 0:02,0,1
HeatedBlanket,FALSE,1/1/2000 0:02,55.6,1
HeatedBlanket,FALSE,1/1/2000 0:02,0,1
HeatedBlanket,FALSE,1/1/2000 0:02,57,1
HeatedBlanket,FALSE,1/1/2000 0:02,59.8,1
HeatedBlanket,FALSE,1/1/2000 0:02,118,1
HeatedBlanket,FALSE,1/1/2000 0:03,0,1
HeatedBlanket,FALSE,1/1/2000 0:03,59.7,1
HeatedBlanket,FALSE,1/1/2000 0:03,58.8,1
HeatedBlanket,FALSE,1/1/2000 0:03,0,1
HeatedBlanket,FALSE,1/1/2000 0:03,0,1
HeatedBlanket,FALSE,1/1/2000 0:03,59.4,1
HeatedBlanket,FALSE,1/1/2000 0:03,59.5,1
HeatedBlanket,FALSE,1/1/2000 0:03,5.2,1
HeatedBlanket,FALSE,1/1/2000 0:03,53.6,1
HeatedBlanket,FALSE,1/1/2000 0:03,6.7,1
HeatedBlanket,FALSE,1/1/2000 0:03,112.2,1
HeatedBlanket,FALSE,1/1/2000 0:03,59.7,1
HeatedBlanket,FALSE,1/1/2000 0:04,51,1
HeatedBlanket,FALSE,1/1/2000 0:04,0,1
HeatedBlanket,FALSE,1/1/2000 0:04,59.8,1
HeatedBlanket,FALSE,1/1/2000 0:04,10.7,1
HeatedBlanket,FALSE,1/1/2000 0:04,11.2,1
HeatedBlanket,FALSE,1/1/2000 0:04,0,1
HeatedBlanket,FALSE,1/1/2000 0:04,47.5,1
HeatedBlanket,FALSE,1/1/2000 0:04,0,1
HeatedBlanket,FALSE,1/1/2000 0:04,105.6,1
HeatedBlanket,FALSE,1/1/2000 0:04,45.7,1
HeatedBlanket,FALSE,1/1/2000 0:04,1082,1
HeatedBlanket,FALSE,1/1/2000 0:04,0,1
HeatedBlanket,FALSE,1/1/2000 0:05,42.7,1
HeatedBlanket,FALSE,1/1/2000 0:05,0,1
HeatedBlanket,FALSE,1/1/2000 0:05,18.1,1
HeatedBlanket,FALSE,1/1/2000 0:05,0,1
HeatedBlanket,FALSE,1/1/2000 0:05,59.9,1
HeatedBlanket,FALSE,1/1/2000 0:05,0,1
HeatedBlanket,FALSE,1/1/2000 0:05,59.8,1
HeatedBlanket,FALSE,1/1/2000 0:05,0,1
HeatedBlanket,FALSE,1/1/2000 0:05,38,1
HeatedBlanket,FALSE,1/1/2000 0:05,37.7,1
HeatedBlanket,FALSE,1/1/2000 0:05,23,1
HeatedBlanket,FALSE,1/1/2000 0:05,60.1,1
HeatedBlanket,FALSE,1/1/2000 0:06,83.8,1
HeatedBlanket,FALSE,1/1/2000 0:06,35,1
HeatedBlanket,FALSE,1/1/2000 0:06,84.7,1
HeatedBlanket,FALSE,1/1/2000 0:06,34.1,1
HeatedBlanket,FALSE,1/1/2000 0:06,25.9,1
HeatedBlanket,FALSE,1/1/2000 0:06,92.4,1
HeatedBlanket,FALSE,1/1/2000 0:06,0,1
HeatedBlanket,FALSE,1/1/2000 0:06,32.6,1
HeatedBlanket,FALSE,1/1/2000 0:06,0,1
HeatedBlanket,FALSE,1/1/2000 0:06,27.9,1
HeatedBlanket,FALSE,1/1/2000 0:06,29,1
HeatedBlanket,FALSE,1/1/2000 0:06,89.6,1
HeatedBlanket,FALSE,1/1/2000 0:07,0,1
HeatedBlanket,FALSE,1/1/2000 0:07,30.9,1
HeatedBlanket,FALSE,1/1/2000 0:07,0,1
HeatedBlanket,FALSE,1/1/2000 0:07,91.7,1
HeatedBlanket,FALSE,1/1/2000 0:07,27.1,1
HeatedBlanket,FALSE,1/1/2000 0:07,86.3,1
HeatedBlanket,FALSE,1/1/2000 0:07,0,1
HeatedBlanket,FALSE,1/1/2000 0:07,34.3,1
HeatedBlanket,FALSE,1/1/2000 0:07,0,1
HeatedBlanket,FALSE,1/1/2000 0:07,59.8,1
HeatedBlanket,FALSE,1/1/2000 0:07,23.2,1
HeatedBlanket,FALSE,1/1/2000 0:07,82.1,1
HeatedBlanket,FALSE,1/1/2000 0:08,21.7,1
HeatedBlanket,FALSE,1/1/2000 0:08,38.7,1
HeatedBlanket,FALSE,1/1/2000 0:08,59.6,1
HeatedBlanket,FALSE,1/1/2000 0:08,100,1
HeatedBlanket,FALSE,1/1/2000 0:08,0,1
HeatedBlanket,FALSE,1/1/2000 0:08,59.7,1
HeatedBlanket,FALSE,1/1/2000 0:08,0,1
HeatedBlanket,FALSE,1/1/2000 0:08,59.9,1
HeatedBlanket,FALSE,1/1/2000 0:08,62,1
HeatedBlanket,FALSE,1/1/2000 0:08,15.1,1
HeatedBlanket,FALSE,1/1/2000 0:08,16,1
HeatedBlanket,FALSE,1/1/2000 0:08,46.9,1
HeatedBlanket,FALSE,1/1/2000 0:08,72.2,1
HeatedBlanket,FALSE,1/1/2000 0:09,48,1
HeatedBlanket,FALSE,1/1/2000 0:09,62,1
HeatedBlanket,FALSE,1/1/2000 0:09,109.4,1
HeatedBlanket,FALSE,1/1/2000 0:09,0,1
HeatedBlanket,FALSE,1/1/2000 0:09,50.9,1
HeatedBlanket,FALSE,1/1/2000 0:09,68.1,1
HeatedBlanket,FALSE,1/1/2000 0:09,51.7,1
HeatedBlanket,FALSE,1/1/2000 0:09,6.9,1
HeatedBlanket,FALSE,1/1/2000 0:09,53.7,1
HeatedBlanket,FALSE,1/1/2000 0:09,7,1
HeatedBlanket,FALSE,1/1/2000 0:09,59.5,1
HeatedBlanket,FALSE,1/1/2000 0:09,3.2,1
HeatedBlanket,FALSE,1/1/2000 0:10,1205,1
HeatedBlanket,FALSE,1/1/2000 0:10,3,1
HeatedBlanket,FALSE,1/1/2000 0:10,1,1
HeatedBlanket,FALSE,1/1/2000 0:10,0,1
HeatedBlanket,FALSE,1/1/2000 0:10,59.8,1
HeatedBlanket,FALSE,1/1/2000 0:10,58.9,1
HeatedBlanket,FALSE,1/1/2000 0:10,61.5,1
HeatedBlanket,FALSE,1/1/2000 0:10,0,1
HeatedBlanket,FALSE,1/1/2000 0:10,3.2,1
HeatedBlanket,FALSE,1/1/2000 0:10,4.2,1
HeatedBlanket,FALSE,1/1/2000 0:10,64.6,1
HeatedBlanket,FALSE,1/1/2000 0:10,59.8,1
HeatedBlanket,FALSE,1/1/2000 0:11,65.8,1
HeatedBlanket,FALSE,1/1/2000 0:11,52.8,1
HeatedBlanket,FALSE,1/1/2000 0:11,8,1
HeatedBlanket,FALSE,1/1/2000 0:11,51.1,1
HeatedBlanket,FALSE,1/1/2000 0:11,50.6,1
HeatedBlanket,FALSE,1/1/2000 0:11,517,1
HeatedBlanket,FALSE,1/1/2000 0:11,0,1
HeatedBlanket,FALSE,1/1/2000 0:11,48.5,1
HeatedBlanket,FALSE,1/1/2000 0:11,0,1
HeatedBlanket,FALSE,1/1/2000 0:11,12.1,1
HeatedBlanket,FALSE,1/1/2000 0:11,46.8,1
HeatedBlanket,FALSE,1/1/2000 0:11,59.7,1
HeatedBlanket,FALSE,1/1/2000 0:12,0,1
HeatedBlanket,FALSE,1/1/2000 0:12,75.3,1
HeatedBlanket,FALSE,1/1/2000 0:12,16.7,1
HeatedBlanket,FALSE,1/1/2000 0:12,101.5,1
HeatedBlanket,FALSE,1/1/2000 0:12,0,1
HeatedBlanket,FALSE,1/1/2000 0:12,99.9,1
HeatedBlanket,FALSE,1/1/2000 0:12,0,1
HeatedBlanket,FALSE,1/1/2000 0:12,38.8,1
HeatedBlanket,FALSE,1/1/2000 0:12,0,1
HeatedBlanket,FALSE,1/1/2000 0:12,81.6,1
HeatedBlanket,FALSE,1/1/2000 0:12,0,1
HeatedBlanket,FALSE,1/1/2000 0:12,82.7,1
HeatedBlanket,FALSE,1/1/2000 0:13,59.5,1
HeatedBlanket,FALSE,1/1/2000 0:13,24.9,1
HeatedBlanket,FALSE,1/1/2000 0:13,92.7,1
HeatedBlanket,FALSE,1/1/2000 0:13,0,1
HeatedBlanket,FALSE,1/1/2000 0:13,341,1
HeatedBlanket,FALSE,1/1/2000 0:13,0,1
HeatedBlanket,FALSE,1/1/2000 0:13,86.3,1
HeatedBlanket,FALSE,1/1/2000 0:13,31.6,1
HeatedBlanket,FALSE,1/1/2000 0:13,90.2,1
HeatedBlanket,FALSE,1/1/2000 0:13,0,1
HeatedBlanket,FALSE,1/1/2000 0:13,30.3,1
HeatedBlanket,FALSE,1/1/2000 0:13,59.5,1
HeatedBlanket,FALSE,1/1/2000 0:14,91.1,1
HeatedBlanket,FALSE,1/1/2000 0:14,27,1
HeatedBlanket,FALSE,1/1/2000 0:14,33.7,1
HeatedBlanket,FALSE,1/1/2000 0:14,0,1
HeatedBlanket,FALSE,1/1/2000 0:14,34.9,1
HeatedBlanket,FALSE,1/1/2000 0:14,83.4,1
HeatedBlanket,FALSE,1/1/2000 0:14,0,1
HeatedBlanket,FALSE,1/1/2000 0:14,22.6,1
HeatedBlanket,FALSE,1/1/2000 0:14,37.6,1
HeatedBlanket,FALSE,1/1/2000 0:14,21,1
HeatedBlanket,FALSE,1/1/2000 0:14,0,1
HeatedBlanket,FALSE,1/1/2000 0:14,40.6,1
HeatedBlanket,FALSE,1/1/2000 0:15,41.4,1
HeatedBlanket,FALSE,1/1/2000 0:15,17.1,1
HeatedBlanket,FALSE,1/1/2000 0:15,1067,1
HeatedBlanket,FALSE,1/1/2000 0:15,2,1
HeatedBlanket,FALSE,1/1/2000 0:15,45.4,1
HeatedBlanket,FALSE,1/1/2000 0:15,0,1
HeatedBlanket,FALSE,1/1/2000 0:15,47,1
HeatedBlanket,FALSE,1/1/2000 0:15,2,1
HeatedBlanket,FALSE,1/1/2000 0:15,108.7,1
HeatedBlanket,FALSE,1/1/2000 0:15,10.5,1
HeatedBlanket,FALSE,1/1/2000 0:15,50,1
HeatedBlanket,FALSE,1/1/2000 0:15,0,1
HeatedBlanket,FALSE,1/1/2000 0:16,111.3,1
HeatedBlanket,FALSE,1/1/2000 0:16,7.4,1
HeatedBlanket,FALSE,1/1/2000 0:16,611,1
HeatedBlanket,FALSE,1/1/2000 0:16,5.7,1
HeatedBlanket,FALSE,1/1/2000 0:16,64.4,1
HeatedBlanket,FALSE,1/1/2000 0:16,0,1
HeatedBlanket,FALSE,1/1/2000 0:16,59.7,1
HeatedBlanket,FALSE,1/1/2000 0:16,59.7,1
HeatedBlanket,FALSE,1/1/2000 0:16,1208,1
HeatedBlanket,FALSE,1/1/2000 0:16,2,1
HeatedBlanket,FALSE,1/1/2000 0:16,59.4,1
HeatedBlanket,FALSE,1/1/2000 0:16,60,1
HeatedBlanket,FALSE,1/1/2000 0:17,60.7,1
HeatedBlanket,FALSE,1/1/2000 0:17,0,1
HeatedBlanket,FALSE,1/1/2000 0:17,116.7,1
HeatedBlanket,FALSE,1/1/2000 0:17,0,1
HeatedBlanket,FALSE,1/1/2000 0:17,4.2,1
HeatedBlanket,FALSE,1/1/2000 0:17,0,1
HeatedBlanket,FALSE,1/1/2000 0:17,65.7,1
HeatedBlanket,FALSE,1/1/2000 0:17,53.1,1
HeatedBlanket,FALSE,1/1/2000 0:17,111.7,1
HeatedBlanket,FALSE,1/1/2000 0:17,0,1
HeatedBlanket,FALSE,1/1/2000 0:17,50.6,1
HeatedBlanket,FALSE,1/1/2000 0:17,0,1
HeatedBlanket,FALSE,1/1/2000 0:18,59.5,1
HeatedBlanket,FALSE,1/1/2000 0:18,0,1
HeatedBlanket,FALSE,1/1/2000 0:18,0,1
HeatedBlanket,FALSE,1/1/2000 0:18,0,1
HeatedBlanket,FALSE,1/1/2000 0:18,0,1
HeatedBlanket,FALSE,1/1/2000 0:18,45.3,1
HeatedBlanket,FALSE,1/1/2000 0:18,0,1
HeatedBlanket,FALSE,1/1/2000 0:18,15.8,1
HeatedBlanket,FALSE,1/1/2000 0:18,16.1,1
HeatedBlanket,FALSE,1/1/2000 0:18,102.6,1
HeatedBlanket,FALSE,1/1/2000 0:18,0,1
HeatedBlanket,FALSE,1/1/2000 0:18,77.8,1
HeatedBlanket,FALSE,1/1/2000 0:19,0,1
HeatedBlanket,FALSE,1/1/2000 0:19,99.7,1
HeatedBlanket,FALSE,1/1/2000 0:19,0,1
HeatedBlanket,FALSE,1/1/2000 0:19,21.5,1
HeatedBlanket,FALSE,1/1/2000 0:19,0,1
HeatedBlanket,FALSE,1/1/2000 0:19,82.8,1
HeatedBlanket,FALSE,1/1/2000 0:19,0,1
HeatedBlanket,FALSE,1/1/2000 0:19,59.6,1
HeatedBlanket,FALSE,1/1/2000 0:19,25.9,1
HeatedBlanket,FALSE,1/1/2000 0:19,92,1
HeatedBlanket,FALSE,1/1/2000 0:19,0,1
HeatedBlanket,FALSE,1/1/2000 0:19,30.5,1
HeatedBlanket,FALSE,1/1/2000 0:20,0,1
HeatedBlanket,FALSE,1/1/2000 0:20,30.9,1
HeatedBlanket,FALSE,1/1/2000 0:20,0,1
HeatedBlanket,FALSE,1/1/2000 0:20,0,1
HeatedBlanket,FALSE,1/1/2000 0:20,26.1,1
HeatedBlanket,FALSE,1/1/2000 0:20,0,1
HeatedBlanket,FALSE,1/1/2000 0:20,59.5,1
HeatedBlanket,FALSE,1/1/2000 0:20,23.9,1
HeatedBlanket,FALSE,1/1/2000 0:20,82.5,1
HeatedBlanket,FALSE,1/1/2000 0:20,0,1
HeatedBlanket,FALSE,1/1/2000 0:20,98.2,1
HeatedBlanket,FALSE,1/1/2000 0:20,39.5,1
HeatedBlanket,FALSE,1/1/2000 0:21,610,1
HeatedBlanket,FALSE,1/1/2000 0:21,0,1
HeatedBlanket,FALSE,1/1/2000 0:21,17.8,1
HeatedBlanket,FALSE,1/1/2000 0:21,0,1
HeatedBlanket,FALSE,1/1/2000 0:21,1061,1
HeatedBlanket,FALSE,1/1/2000 0:21,2,1
HeatedBlanket,FALSE,1/1/2000 0:21,73.4,1
HeatedBlanket,FALSE,1/1/2000 0:21,13,1
HeatedBlanket,FALSE,1/1/2000 0:21,59.9,1
HeatedBlanket,FALSE,1/1/2000 0:21,2,1
HeatedBlanket,FALSE,1/1/2000 0:21,59.8,1
HeatedBlanket,FALSE,1/1/2000 0:21,50.3,1
HeatedBlanket,FALSE,1/1/2000 0:22,68.6,1
HeatedBlanket,FALSE,1/1/2000 0:22,51.6,1
HeatedBlanket,FALSE,1/1/2000 0:22,7.4,1
HeatedBlanket,FALSE,1/1/2000 0:22,0,1
HeatedBlanket,FALSE,1/1/2000 0:22,684,1
HeatedBlanket,FALSE,1/1/2000 0:22,59.8,1
HeatedBlanket,FALSE,1/1/2000 0:22,63.7,1
HeatedBlanket,FALSE,1/1/2000 0:22,59.4,1
HeatedBlanket,FALSE,1/1/2000 0:22,4,1
HeatedBlanket,FALSE,1/1/2000 0:22,1,1
HeatedBlanket,FALSE,1/1/2000 0:22,59.1,1
HeatedBlanket,FALSE,1/1/2000 0:22,59.9,1
HeatedBlanket,FALSE,1/1/2000 0:23,57.6,1
HeatedBlanket,FALSE,1/1/2000 0:23,4,1
HeatedBlanket,FALSE,1/1/2000 0:23,0,1
HeatedBlanket,FALSE,1/1/2000 0:23,4.2,1
HeatedBlanket,FALSE,1/1/2000 0:23,59.8,1
HeatedBlanket,FALSE,1/1/2000 0:23,59.4,1
HeatedBlanket,FALSE,1/1/2000 0:23,0,1
HeatedBlanket,FALSE,1/1/2000 0:23,8.3,1
HeatedBlanket,FALSE,1/1/2000 0:23,0,1
HeatedBlanket,FALSE,1/1/2000 0:23,69.5,1
HeatedBlanket,FALSE,1/1/2000 0:23,48.8,1
HeatedBlanket,FALSE,1/1/2000 0:23,12,1
HeatedBlanket,FALSE,1/1/2000 0:24,12.7,1
HeatedBlanket,FALSE,1/1/2000 0:24,72.4,1
HeatedBlanket,FALSE,1/1/2000 0:24,45.7,1
HeatedBlanket,FALSE,1/1/2000 0:24,73.9,1
HeatedBlanket,FALSE,1/1/2000 0:24,43.6,1
HeatedBlanket,FALSE,1/1/2000 0:24,1064,1
HeatedBlanket,FALSE,1/1/2000 0:24,0,1
HeatedBlanket,FALSE,1/1/2000 0:24,17.8,1
HeatedBlanket,FALSE,1/1/2000 0:24,40.7,1
HeatedBlanket,FALSE,1/1/2000 0:24,0,1
HeatedBlanket,FALSE,1/1/2000 0:24,39.3,1
HeatedBlanket,FALSE,1/1/2000 0:24,21,1
HeatedBlanket,FALSE,1/1/2000 0:25,59.8,1
HeatedBlanket,FALSE,1/1/2000 0:25,82.5,1
HeatedBlanket,FALSE,1/1/2000 0:25,36,1
HeatedBlanket,FALSE,1/1/2000 0:25,84.2,1
HeatedBlanket,FALSE,1/1/2000 0:25,25.8,1
HeatedBlanket,FALSE,1/1/2000 0:25,86.1,1
HeatedBlanket,FALSE,1/1/2000 0:25,32.1,1
HeatedBlanket,FALSE,1/1/2000 0:25,28.3,1
HeatedBlanket,FALSE,1/1/2000 0:25,30.5,1
HeatedBlanket,FALSE,1/1/2000 0:25,59.5,1
HeatedBlanket,FALSE,1/1/2000 0:25,59.4,1
HeatedBlanket,FALSE,1/1/2000 0:25,90.1,1
HeatedBlanket,FALSE,1/1/2000 0:26,27.7,1
HeatedBlanket,FALSE,1/1/2000 0:26,0,1
HeatedBlanket,FALSE,1/1/2000 0:26,32.9,1
HeatedBlanket,FALSE,1/1/2000 0:26,33.7,1
HeatedBlanket,FALSE,1/1/2000 0:26,59.5,1
HeatedBlanket,FALSE,1/1/2000 0:26,95.1,1
HeatedBlanket,FALSE,1/1/2000 0:26,23.1,1
HeatedBlanket,FALSE,1/1/2000 0:26,0,1
HeatedBlanket,FALSE,1/1/2000 0:26,81.1,1
HeatedBlanket,FALSE,1/1/2000 0:26,0,1
HeatedBlanket,FALSE,1/1/2000 0:26,20.1,1
HeatedBlanket,FALSE,1/1/2000 0:26,0,1
HeatedBlanket,FALSE,1/1/2000 0:27,1039,1
HeatedBlanket,FALSE,1/1/2000 0:27,41.8,1
HeatedBlanket,FALSE,1/1/2000 0:27,76.7,1
HeatedBlanket,FALSE,1/1/2000 0:27,2,1
HeatedBlanket,FALSE,1/1/2000 0:27,103,1
HeatedBlanket,FALSE,1/1/2000 0:27,0,1
HeatedBlanket,FALSE,1/1/2000 0:27,466,1
HeatedBlanket,FALSE,1/1/2000 0:27,13,1
HeatedBlanket,FALSE,1/1/2000 0:27,59.6,1
HeatedBlanket,FALSE,1/1/2000 0:27,2,1
HeatedBlanket,FALSE,1/1/2000 0:27,11.4,1
HeatedBlanket,FALSE,1/1/2000 0:27,62,1
HeatedBlanket,FALSE,1/1/2000 0:28,108.4,1
HeatedBlanket,FALSE,1/1/2000 0:28,0,1
HeatedBlanket,FALSE,1/1/2000 0:28,49.7,1
HeatedBlanket,FALSE,1/1/2000 0:28,68.7,1
HeatedBlanket,FALSE,1/1/2000 0:28,110.5,1
HeatedBlanket,FALSE,1/1/2000 0:28,8.3,1
HeatedBlanket,FALSE,1/1/2000 0:28,0,1
HeatedBlanket,FALSE,1/1/2000 0:28,59.7,1
HeatedBlanket,FALSE,1/1/2000 0:28,52.8,1
HeatedBlanket,FALSE,1/1/2000 0:28,65.9,1
HeatedBlanket,FALSE,1/1/2000 0:28,5.7,1
HeatedBlanket,FALSE,1/1/2000 0:28,64.8,1
HeatedBlanket,FALSE,1/1/2000 0:29,0,1
HeatedBlanket,FALSE,1/1/2000 0:29,59.6,1
HeatedBlanket,FALSE,1/1/2000 0:29,2,1
HeatedBlanket,FALSE,1/1/2000 0:29,59.7,1
HeatedBlanket,FALSE,1/1/2000 0:29,0,1
HeatedBlanket,FALSE,1/1/2000 0:29,1203,1
HeatedBlanket,FALSE,1/1/2000 0:29,4,1
HeatedBlanket,FALSE,1/1/2000 0:29,60.7,1
HeatedBlanket,FALSE,1/1/2000 0:29,0,1
HeatedBlanket,FALSE,1/1/2000 0:29,0,1
HeatedBlanket,FALSE,1/1/2000 0:29,0,1
HeatedBlanket,FALSE,1/1/2000 0:29,2.2,1
HeatedBlanket,FALSE,1/1/2000 0:30,59.9,1
HeatedBlanket,FALSE,1/1/2000 0:30,59.8,1
HeatedBlanket,FALSE,1/1/2000 0:30,52.2,1
HeatedBlanket,FALSE,1/1/2000 0:30,5.4,1
HeatedBlanket,FALSE,1/1/2000 0:30,113.8,1
HeatedBlanket,FALSE,1/1/2000 0:30,66.8,1
HeatedBlanket,FALSE,1/1/2000 0:30,52.1,1
HeatedBlanket,FALSE,1/1/2000 0:30,8.4,1
HeatedBlanket,FALSE,1/1/2000 0:30,9.2,1
HeatedBlanket,FALSE,1/1/2000 0:30,69.5,1
HeatedBlanket,FALSE,1/1/2000 0:30,49.7,1
HeatedBlanket,FALSE,1/1/2000 0:30,11.1,1
HeatedBlanket,FALSE,1/1/2000 0:31,0,1
HeatedBlanket,FALSE,1/1/2000 0:31,12.4,1
HeatedBlanket,FALSE,1/1/2000 0:31,106,1
HeatedBlanket,FALSE,1/1/2000 0:31,73.3,1
HeatedBlanket,FALSE,1/1/2000 0:31,45,1
HeatedBlanket,FALSE,1/1/2000 0:31,15.1,1
HeatedBlanket,FALSE,1/1/2000 0:31,16.1,1
HeatedBlanket,FALSE,1/1/2000 0:31,16.5,1
HeatedBlanket,FALSE,1/1/2000 0:31,59.8,1
HeatedBlanket,FALSE,1/1/2000 0:31,0,1
HeatedBlanket,FALSE,1/1/2000 0:31,43,1
HeatedBlanket,FALSE,1/1/2000 0:31,19.7,1
HeatedBlanket,FALSE,1/1/2000 0:32,39.2,1
HeatedBlanket,FALSE,1/1/2000 0:32,38.2,1
HeatedBlanket,FALSE,1/1/2000 0:32,37.4,1
HeatedBlanket,FALSE,1/1/2000 0:32,23.1,1
HeatedBlanket,FALSE,1/1/2000 0:32,95.3,1
HeatedBlanket,FALSE,1/1/2000 0:32,84.4,1
HeatedBlanket,FALSE,1/1/2000 0:32,34,1
HeatedBlanket,FALSE,1/1/2000 0:32,59.8,1
HeatedBlanket,FALSE,1/1/2000 0:32,0,1
HeatedBlanket,FALSE,1/1/2000 0:32,28.5,1
HeatedBlanket,FALSE,1/1/2000 0:32,0,1
HeatedBlanket,FALSE,1/1/2000 0:32,89.2,1
HeatedBlanket,FALSE,1/1/2000 0:33,28.4,1
HeatedBlanket,FALSE,1/1/2000 0:33,87.3,1
HeatedBlanket,FALSE,1/1/2000 0:33,0,1
HeatedBlanket,FALSE,1/1/2000 0:33,93.3,1
HeatedBlanket,FALSE,1/1/2000 0:33,0,1
HeatedBlanket,FALSE,1/1/2000 0:33,59.9,1
HeatedBlanket,FALSE,1/1/2000 0:33,0,1
HeatedBlanket,FALSE,1/1/2000 0:33,23.7,1
HeatedBlanket,FALSE,1/1/2000 0:33,0,1
HeatedBlanket,FALSE,1/1/2000 0:33,59.8,1
HeatedBlanket,FALSE,1/1/2000 0:33,21.4,1
HeatedBlanket,FALSE,1/1/2000 0:33,20.8,1
HeatedBlanket,FALSE,1/1/2000 0:34,0,1
HeatedBlanket,FALSE,1/1/2000 0:34,100.3,1
HeatedBlanket,FALSE,1/1/2000 0:34,41.3,1
HeatedBlanket,FALSE,1/1/2000 0:34,17.8,1
HeatedBlanket,FALSE,1/1/2000 0:34,435,1
HeatedBlanket,FALSE,1/1/2000 0:34,0,1
HeatedBlanket,FALSE,1/1/2000 0:34,43.8,1
HeatedBlanket,FALSE,1/1/2000 0:34,59.6,1
HeatedBlanket,FALSE,1/1/2000 0:34,59.5,1
HeatedBlanket,FALSE,1/1/2000 0:34,2,1
HeatedBlanket,FALSE,1/1/2000 0:34,47,1
HeatedBlanket,FALSE,1/1/2000 0:34,71.6,1
HeatedBlanket,FALSE,1/1/2000 0:35,11,1
HeatedBlanket,FALSE,1/1/2000 0:35,12,1
HeatedBlanket,FALSE,1/1/2000 0:35,50.8,1
HeatedBlanket,FALSE,1/1/2000 0:35,0,1
HeatedBlanket,FALSE,1/1/2000 0:35,51.7,1
HeatedBlanket,FALSE,1/1/2000 0:35,66.8,1
HeatedBlanket,FALSE,1/1/2000 0:35,53.2,1
HeatedBlanket,FALSE,1/1/2000 0:35,96.8,1
HeatedBlanket,FALSE,1/1/2000 0:35,0,1
HeatedBlanket,FALSE,1/1/2000 0:35,55.3,1
HeatedBlanket,FALSE,1/1/2000 0:35,55.9,1
HeatedBlanket,FALSE,1/1/2000 0:35,1201,1
HeatedBlanket,FALSE,1/1/2000 0:36,4,1
HeatedBlanket,FALSE,1/1/2000 0:36,57.4,1
HeatedBlanket,FALSE,1/1/2000 0:36,59.7,1
HeatedBlanket,FALSE,1/1/2000 0:36,58.3,1
HeatedBlanket,FALSE,1/1/2000 0:36,0,1
HeatedBlanket,FALSE,1/1/2000 0:36,0,1
HeatedBlanket,FALSE,1/1/2000 0:36,59.7,1
HeatedBlanket,FALSE,1/1/2000 0:36,61,1
HeatedBlanket,FALSE,1/1/2000 0:36,57.6,1
HeatedBlanket,FALSE,1/1/2000 0:36,0,1
HeatedBlanket,FALSE,1/1/2000 0:36,3.2,1
HeatedBlanket,FALSE,1/1/2000 0:36,4.1,1
HeatedBlanket,FALSE,1/1/2000 0:37,55.2,1
HeatedBlanket,FALSE,1/1/2000 0:37,0,1
HeatedBlanket,FALSE,1/1/2000 0:37,65.2,1
HeatedBlanket,FALSE,1/1/2000 0:37,17,1
HeatedBlanket,FALSE,1/1/2000 0:37,112.4,1
HeatedBlanket,FALSE,1/1/2000 0:37,0,1
HeatedBlanket,FALSE,1/1/2000 0:37,52.2,1
HeatedBlanket,FALSE,1/1/2000 0:37,0,1
HeatedBlanket,FALSE,1/1/2000 0:37,59.5,1
HeatedBlanket,FALSE,1/1/2000 0:37,0,1
HeatedBlanket,FALSE,1/1/2000 0:37,10,1
HeatedBlanket,FALSE,1/1/2000 0:37,2,1
HeatedBlanket,FALSE,1/1/2000 0:38,70.4,1
HeatedBlanket,FALSE,1/1/2000 0:38,59.4,1
HeatedBlanket,FALSE,1/1/2000 0:38,59.4,1
HeatedBlanket,FALSE,1/1/2000 0:38,0,1
HeatedBlanket,FALSE,1/1/2000 0:38,14.1,1
HeatedBlanket,FALSE,1/1/2000 0:38,60,1
HeatedBlanket,FALSE,1/1/2000 0:38,74.9,1
HeatedBlanket,FALSE,1/1/2000 0:38,44,1
HeatedBlanket,FALSE,1/1/2000 0:38,16.8,1
HeatedBlanket,FALSE,1/1/2000 0:38,60,1
HeatedBlanket,FALSE,1/1/2000 0:38,29,1
HeatedBlanket,FALSE,1/1/2000 0:38,41.6,1
HeatedBlanket,FALSE,1/1/2000 0:39,0,1
HeatedBlanket,FALSE,1/1/2000 0:39,78.6,1
HeatedBlanket,FALSE,1/1/2000 0:39,19.8,1
HeatedBlanket,FALSE,1/1/2000 0:39,99.4,1
HeatedBlanket,FALSE,1/1/2000 0:39,0,1
HeatedBlanket,FALSE,1/1/2000 0:39,38.8,1
HeatedBlanket,FALSE,1/1/2000 0:39,0,1
HeatedBlanket,FALSE,1/1/2000 0:39,81.3,1
HeatedBlanket,FALSE,1/1/2000 0:39,36.8,1
HeatedBlanket,FALSE,1/1/2000 0:39,59.7,1
HeatedBlanket,FALSE,1/1/2000 0:39,0,1
HeatedBlanket,FALSE,1/1/2000 0:39,83.8,1
HeatedBlanket,FALSE,1/1/2000 0:40,35.1,1
HeatedBlanket,FALSE,1/1/2000 0:40,25.6,1
HeatedBlanket,FALSE,1/1/2000 0:40,0,1
HeatedBlanket,FALSE,1/1/2000 0:40,26.9,1
HeatedBlanket,FALSE,1/1/2000 0:40,92.1,1
HeatedBlanket,FALSE,1/1/2000 0:40,0,1
HeatedBlanket,FALSE,1/1/2000 0:40,31.1,1
HeatedBlanket,FALSE,1/1/2000 0:40,29,1
HeatedBlanket,FALSE,1/1/2000 0:40,59.9,1
HeatedBlanket,FALSE,1/1/2000 0:40,90.1,1
HeatedBlanket,FALSE,1/1/2000 0:40,28.9,1
HeatedBlanket,FALSE,1/1/2000 0:40,0,1
HeatedBlanket,FALSE,1/1/2000 0:41,59.3,1
HeatedBlanket,FALSE,1/1/2000 0:41,0,1
HeatedBlanket,FALSE,1/1/2000 0:41,59.6,1
HeatedBlanket,FALSE,1/1/2000 0:41,0,1
HeatedBlanket,FALSE,1/1/2000 0:41,93.3,1
HeatedBlanket,FALSE,1/1/2000 0:41,0,1
HeatedBlanket,FALSE,1/1/2000 0:41,59.6,1
HeatedBlanket,FALSE,1/1/2000 0:41,35.7,1
HeatedBlanket,FALSE,1/1/2000 0:41,83.8,1
HeatedBlanket,FALSE,1/1/2000 0:41,0,1
HeatedBlanket,FALSE,1/1/2000 0:41,59.9,1
HeatedBlanket,FALSE,1/1/2000 0:41,0,1
HeatedBlanket,FALSE,1/1/2000 0:42,97.7,1
HeatedBlanket,FALSE,1/1/2000 0:42,21.2,1
HeatedBlanket,FALSE,1/1/2000 0:42,39,1
HeatedBlanket,FALSE,1/1/2000 0:42,0,1
HeatedBlanket,FALSE,1/1/2000 0:42,99.7,1
HeatedBlanket,FALSE,1/1/2000 0:42,19.3,1
HeatedBlanket,FALSE,1/1/2000 0:42,416,1
HeatedBlanket,FALSE,1/1/2000 0:42,2,1
HeatedBlanket,FALSE,1/1/2000 0:42,41.5,1
HeatedBlanket,FALSE,1/1/2000 0:42,59.5,1
HeatedBlanket,FALSE,1/1/2000 0:42,2,1
HeatedBlanket,FALSE,1/1/2000 0:42,0,1
HeatedBlanket,FALSE,1/1/2000 0:43,2,1
HeatedBlanket,FALSE,1/1/2000 0:43,74.3,1
HeatedBlanket,FALSE,1/1/2000 0:43,14.1,1
HeatedBlanket,FALSE,1/1/2000 0:43,62,1
HeatedBlanket,FALSE,1/1/2000 0:43,2,1
HeatedBlanket,FALSE,1/1/2000 0:43,47.9,1
HeatedBlanket,FALSE,1/1/2000 0:43,48.5,1
HeatedBlanket,FALSE,1/1/2000 0:43,70.5,1
HeatedBlanket,FALSE,1/1/2000 0:43,0,1
HeatedBlanket,FALSE,1/1/2000 0:43,59.8,1
HeatedBlanket,FALSE,1/1/2000 0:43,2,1
HeatedBlanket,FALSE,1/1/2000 0:43,67.8,1
HeatedBlanket,FALSE,1/1/2000 0:44,7.3,1
HeatedBlanket,FALSE,1/1/2000 0:44,66.3,1
HeatedBlanket,FALSE,1/1/2000 0:44,0,1
HeatedBlanket,FALSE,1/1/2000 0:44,5.1,1
HeatedBlanket,FALSE,1/1/2000 0:44,59.5,1
HeatedBlanket,FALSE,1/1/2000 0:44,652,1
HeatedBlanket,FALSE,1/1/2000 0:44,0,1
HeatedBlanket,FALSE,1/1/2000 0:44,57.5,1
HeatedBlanket,FALSE,1/1/2000 0:44,0,1
HeatedBlanket,FALSE,1/1/2000 0:44,118.4,1
HeatedBlanket,FALSE,1/1/2000 0:44,59.8,1
HeatedBlanket,FALSE,1/1/2000 0:44,119.1,1
HeatedBlanket,FALSE,1/1/2000 0:45,0,1
HeatedBlanket,FALSE,1/1/2000 0:45,61,1
HeatedBlanket,FALSE,1/1/2000 0:45,0,1
HeatedBlanket,FALSE,1/1/2000 0:45,2.4,1
HeatedBlanket,FALSE,1/1/2000 0:45,0,1
HeatedBlanket,FALSE,1/1/2000 0:45,59.8,1
HeatedBlanket,FALSE,1/1/2000 0:45,56.7,1
HeatedBlanket,FALSE,1/1/2000 0:45,59.7,1
HeatedBlanket,FALSE,1/1/2000 0:45,55.8,1
HeatedBlanket,FALSE,1/1/2000 0:45,4.7,1
HeatedBlanket,FALSE,1/1/2000 0:45,2,1
HeatedBlanket,FALSE,1/1/2000 0:45,5.7,1
HeatedBlanket,FALSE,1/1/2000 0:46,59.7,1
HeatedBlanket,FALSE,1/1/2000 0:46,0,1
HeatedBlanket,FALSE,1/1/2000 0:46,52.5,1
HeatedBlanket,FALSE,1/1/2000 0:46,59.8,1
HeatedBlanket,FALSE,1/1/2000 0:46,111.1,1
HeatedBlanket,FALSE,1/1/2000 0:46,0,1
HeatedBlanket,FALSE,1/1/2000 0:46,59.6,1
HeatedBlanket,FALSE,1/1/2000 0:46,59.7,1
HeatedBlanket,FALSE,1/1/2000 0:46,0,1
HeatedBlanket,FALSE,1/1/2000 0:46,0,1
HeatedBlanket,FALSE,1/1/2000 0:46,11.1,1
HeatedBlanket,FALSE,1/1/2000 0:46,107.3,1
HeatedBlanket,FALSE,1/1/2000 0:47,71.4,1
HeatedBlanket,FALSE,1/1/2000 0:47,46.8,1
HeatedBlanket,FALSE,1/1/2000 0:47,0,1
HeatedBlanket,FALSE,1/1/2000 0:47,59.4,1
HeatedBlanket,FALSE,1/1/2000 0:47,44.5,1
HeatedBlanket,FALSE,1/1/2000 0:47,1071,1
HeatedBlanket,FALSE,1/1/2000 0:47,0,1
HeatedBlanket,FALSE,1/1/2000 0:47,59.3,1
HeatedBlanket,FALSE,1/1/2000 0:47,0,1
HeatedBlanket,FALSE,1/1/2000 0:47,76.5,1
HeatedBlanket,FALSE,1/1/2000 0:47,41.6,1
HeatedBlanket,FALSE,1/1/2000 0:47,59.4,1
HeatedBlanket,FALSE,1/1/2000 0:48,0,1
HeatedBlanket,FALSE,1/1/2000 0:48,19.2,1
HeatedBlanket,FALSE,1/1/2000 0:48,59.7,1
HeatedBlanket,FALSE,1/1/2000 0:48,79.8,1
HeatedBlanket,FALSE,1/1/2000 0:48,38.7,1
HeatedBlanket,FALSE,1/1/2000 0:48,0,1
HeatedBlanket,FALSE,1/1/2000 0:48,59.5,1
HeatedBlanket,FALSE,1/1/2000 0:48,23,1
HeatedBlanket,FALSE,1/1/2000 0:48,95.5,1
HeatedBlanket,FALSE,1/1/2000 0:48,24.2,1
HeatedBlanket,FALSE,1/1/2000 0:48,59.6,1
HeatedBlanket,FALSE,1/1/2000 0:48,0,1
HeatedBlanket,FALSE,1/1/2000 0:49,33.6,1
HeatedBlanket,FALSE,1/1/2000 0:49,0,1
HeatedBlanket,FALSE,1/1/2000 0:49,59.4,1
HeatedBlanket,FALSE,1/1/2000 0:49,31.4,1
HeatedBlanket,FALSE,1/1/2000 0:49,90.3,1
HeatedBlanket,FALSE,1/1/2000 0:49,0,1
HeatedBlanket,FALSE,1/1/2000 0:49,90.8,1
HeatedBlanket,FALSE,1/1/2000 0:49,31.7,1
HeatedBlanket,FALSE,1/1/2000 0:49,87.8,1
HeatedBlanket,FALSE,1/1/2000 0:49,0,1
HeatedBlanket,FALSE,1/1/2000 0:49,26.2,1
HeatedBlanket,FALSE,1/1/2000 0:49,0,1
HeatedBlanket,FALSE,1/1/2000 0:50,94.9,1
HeatedBlanket,FALSE,1/1/2000 0:50,36.1,1
HeatedBlanket,FALSE,1/1/2000 0:50,83,1
HeatedBlanket,FALSE,1/1/2000 0:50,0,1
HeatedBlanket,FALSE,1/1/2000 0:50,97.5,1
HeatedBlanket,FALSE,1/1/2000 0:50,0,1
HeatedBlanket,FALSE,1/1/2000 0:50,79.5,1
HeatedBlanket,FALSE,1/1/2000 0:50,40,1
HeatedBlanket,FALSE,1/1/2000 0:50,78.4,1
HeatedBlanket,FALSE,1/1/2000 0:50,0,1
HeatedBlanket,FALSE,1/1/2000 0:50,19,1
HeatedBlanket,FALSE,1/1/2000 0:50,2,1
HeatedBlanket,FALSE,1/1/2000 0:51,75.8,1
HeatedBlanket,FALSE,1/1/2000 0:51,44.4,1
HeatedBlanket,FALSE,1/1/2000 0:51,75,1
HeatedBlanket,FALSE,1/1/2000 0:51,0,1
HeatedBlanket,FALSE,1/1/2000 0:51,1095,1
HeatedBlanket,FALSE,1/1/2000 0:51,62,1
HeatedBlanket,FALSE,1/1/2000 0:51,2,1
HeatedBlanket,FALSE,1/1/2000 0:51,48.9,1
HeatedBlanket,FALSE,1/1/2000 0:51,70,1
HeatedBlanket,FALSE,1/1/2000 0:51,2,1
HeatedBlanket,FALSE,1/1/2000 0:51,110.5,1
HeatedBlanket,FALSE,1/1/2000 0:51,8.1,1
HeatedBlanket,FALSE,1/1/2000 0:52,59.6,1
HeatedBlanket,FALSE,1/1/2000 0:52,0,1
HeatedBlanket,FALSE,1/1/2000 0:52,5.9,1
HeatedBlanket,FALSE,1/1/2000 0:52,0,1
HeatedBlanket,FALSE,1/1/2000 0:52,1184,1
HeatedBlanket,FALSE,1/1/2000 0:52,2,1
HeatedBlanket,FALSE,1/1/2000 0:52,62.7,1
HeatedBlanket,FALSE,1/1/2000 0:52,0,1
HeatedBlanket,FALSE,1/1/2000 0:52,1214,1
HeatedBlanket,FALSE,1/1/2000 0:52,3,1
HeatedBlanket,FALSE,1/1/2000 0:52,0,1
HeatedBlanket,FALSE,1/1/2000 0:52,0,1
HeatedBlanket,FALSE,1/1/2000 0:53,0,1
HeatedBlanket,FALSE,1/1/2000 0:53,59.9,1
HeatedBlanket,FALSE,1/1/2000 0:53,13,1
HeatedBlanket,FALSE,1/1/2000 0:53,3.4,1
HeatedBlanket,FALSE,1/1/2000 0:53,63.9,1
HeatedBlanket,FALSE,1/1/2000 0:53,55.5,1
HeatedBlanket,FALSE,1/1/2000 0:53,0,1
HeatedBlanket,FALSE,1/1/2000 0:53,114.7,1
HeatedBlanket,FALSE,1/1/2000 0:53,5.7,1
HeatedBlanket,FALSE,1/1/2000 0:53,113.3,1
HeatedBlanket,FALSE,1/1/2000 0:53,0,1
HeatedBlanket,FALSE,1/1/2000 0:53,66.5,1
HeatedBlanket,FALSE,1/1/2000 0:54,0,1
HeatedBlanket,FALSE,1/1/2000 0:54,110,1
HeatedBlanket,FALSE,1/1/2000 0:54,50,1
HeatedBlanket,FALSE,1/1/2000 0:54,1132,1
HeatedBlanket,FALSE,1/1/2000 0:54,0,1
HeatedBlanket,FALSE,1/1/2000 0:54,47.8,1
HeatedBlanket,FALSE,1/1/2000 0:54,0,1
HeatedBlanket,FALSE,1/1/2000 0:54,72.7,1
HeatedBlanket,FALSE,1/1/2000 0:54,46.9,1
HeatedBlanket,FALSE,1/1/2000 0:54,14,1
HeatedBlanket,FALSE,1/1/2000 0:54,14.2,1
HeatedBlanket,FALSE,1/1/2000 0:54,74.6,1
HeatedBlanket,FALSE,1/1/2000 0:55,44.6,1
HeatedBlanket,FALSE,1/1/2000 0:55,75.8,1
HeatedBlanket,FALSE,1/1/2000 0:55,43.3,1
HeatedBlanket,FALSE,1/1/2000 0:55,102.5,1
HeatedBlanket,FALSE,1/1/2000 0:55,0,1
HeatedBlanket,FALSE,1/1/2000 0:55,17.9,1
HeatedBlanket,FALSE,1/1/2000 0:55,41.3,1
HeatedBlanket,FALSE,1/1/2000 0:55,0,1
HeatedBlanket,FALSE,1/1/2000 0:55,0,1
HeatedBlanket,FALSE,1/1/2000 0:55,30,1
HeatedBlanket,FALSE,1/1/2000 0:55,59.7,1
HeatedBlanket,FALSE,1/1/2000 0:55,0,1
HeatedBlanket,FALSE,1/1/2000 0:56,37.8,1
HeatedBlanket,FALSE,1/1/2000 0:56,0,1
HeatedBlanket,FALSE,1/1/2000 0:56,82.7,1
HeatedBlanket,FALSE,1/1/2000 0:56,59.9,1
HeatedBlanket,FALSE,1/1/2000 0:56,95.6,1
HeatedBlanket,FALSE,1/1/2000 0:56,24.9,1
HeatedBlanket,FALSE,1/1/2000 0:56,60,1
HeatedBlanket,FALSE,1/1/2000 0:56,26.3,1
HeatedBlanket,FALSE,1/1/2000 0:56,86.2,1
HeatedBlanket,FALSE,1/1/2000 0:56,27.5,1
HeatedBlanket,FALSE,1/1/2000 0:56,91.3,1
HeatedBlanket,FALSE,1/1/2000 0:56,0,1
HeatedBlanket,FALSE,1/1/2000 0:57,88.3,1
HeatedBlanket,FALSE,1/1/2000 0:57,0,1
HeatedBlanket,FALSE,1/1/2000 0:57,59.4,1
HeatedBlanket,FALSE,1/1/2000 0:57,28.5,1
HeatedBlanket,FALSE,1/1/2000 0:57,87.2,1
HeatedBlanket,FALSE,1/1/2000 0:57,0,1
HeatedBlanket,FALSE,1/1/2000 0:57,92.2,1
HeatedBlanket,FALSE,1/1/2000 0:57,26,1
HeatedBlanket,FALSE,1/1/2000 0:57,0,1
HeatedBlanket,FALSE,1/1/2000 0:57,0,1
HeatedBlanket,FALSE,1/1/2000 0:57,59.8,1
HeatedBlanket,FALSE,1/1/2000 0:57,60,1
HeatedBlanket,FALSE,1/1/2000 0:58,82.3,1
HeatedBlanket,FALSE,1/1/2000 0:58,22,1
HeatedBlanket,FALSE,1/1/2000 0:58,38.6,1
HeatedBlanket,FALSE,1/1/2000 0:58,80.5,1
HeatedBlanket,FALSE,1/1/2000 0:58,99,1
HeatedBlanket,FALSE,1/1/2000 0:58,20.1,1
HeatedBlanket,FALSE,1/1/2000 0:58,0,1
HeatedBlanket,FALSE,1/1/2000 0:58,610,1
HeatedBlanket,FALSE,1/1/2000 0:58,40.6,1
HeatedBlanket,FALSE,1/1/2000 0:58,77.8,1
HeatedBlanket,FALSE,1/1/2000 0:58,0,1
HeatedBlanket,FALSE,1/1/2000 0:58,20,1
HeatedBlanket,FALSE,1/1/2000 0:59,2,1
HeatedBlanket,FALSE,1/1/2000 0:59,76.1,1
HeatedBlanket,FALSE,1/1/2000 0:59,0,1
HeatedBlanket,FALSE,1/1/2000 0:59,43.8,1
HeatedBlanket,FALSE,1/1/2000 0:59,0,1
HeatedBlanket,FALSE,1/1/2000 0:59,1078,1
HeatedBlanket,FALSE,1/1/2000 0:59,0,1
HeatedBlanket,FALSE,1/1/2000 0:59,45.9,1
HeatedBlanket,FALSE,1/1/2000 0:59,59.8,1
HeatedBlanket,FALSE,1/1/2000 0:59,106.9,1
HeatedBlanket,FALSE,1/1/2000 0:59,11.9,1
HeatedBlanket,FALSE,1/1/2000 0:59,48.9,1
HeatedBlanket,FALSE,1/1/2000 1:00,69.9,1
